
-- Base de datos: `proyecto_informatico_fp`
--

-- --------------------------------------------------------

--
-- Estructura de tabla para la tabla `categorias`
--

CREATE TABLE `categorias` (
  `id` int(11) NOT NULL,
  `nombre` varchar(50) NOT NULL
) ENGINE=InnoDB DEFAULT CHARSET=utf8mb4 COLLATE=utf8mb4_general_ci;

--
-- Volcado de datos para la tabla `categorias`
--

INSERT INTO `categorias` (`id`, `nombre`) VALUES
(1, 'Tecnologia'),
(2, 'Deportes'),
(3, 'Politica'),
(6, 'Finanzas');

-- --------------------------------------------------------

--
-- Estructura de tabla para la tabla `comentarios`
--

CREATE TABLE `comentarios` (
  `id` int(11) NOT NULL,
  `contenido` text NOT NULL,
  `usuario_id` int(11) NOT NULL,
  `noticia_id` int(11) NOT NULL,
  `fecha_creacion` timestamp NOT NULL DEFAULT current_timestamp()
) ENGINE=InnoDB DEFAULT CHARSET=utf8mb4 COLLATE=utf8mb4_general_ci;

--
-- Volcado de datos para la tabla `comentarios`
--

INSERT INTO `comentarios` (`id`, `contenido`, `usuario_id`, `noticia_id`, `fecha_creacion`) VALUES
(1, 'hola, soy el primer comentario de esta noticia', 4, 19, '2024-11-08 01:05:49');

-- --------------------------------------------------------

--
-- Estructura de tabla para la tabla `noticias`
--

CREATE TABLE `noticias` (
  `id` int(11) NOT NULL,
  `titulo` varchar(255) NOT NULL,
  `texto` text NOT NULL,
  `imagen_link` varchar(255) DEFAULT NULL,
  `categoria_id` int(11) DEFAULT NULL,
  `autor_id` int(11) DEFAULT NULL
) ENGINE=InnoDB DEFAULT CHARSET=utf8mb4 COLLATE=utf8mb4_general_ci;

--
-- Volcado de datos para la tabla `noticias`
--

INSERT INTO `noticias` (`id`, `titulo`, `texto`, `imagen_link`, `categoria_id`, `autor_id`) VALUES
(19, 'Piloto Argentino en la F1?', 'Franco Colapinto, el joven argentino que sera el nuevo piloto de...', 'https://images.unsplash.com/photo-1614949194403-9602bdc14a3a?q=80&w=1471&auto=format&fit=crop&ixlib=rb-4.0.3&ixid=M3wxMjA3fDB8MHxwaG90by1wYWdlfHx8fGVufDB8fHx8fA%3D%3D', 2, 2),
(20, 'Barcelona arrasa en la Champions', 'El barcelona de Hansi Flick, le gano por goleada a...', 'https://images.unsplash.com/photo-1544366981-43d8d59eeba9?q=80&w=1470&auto=format&fit=crop&ixlib=rb-4.0.3&ixid=M3wxMjA3fDB8MHxwaG90by1wYWdlfHx8fGVufDB8fHx8fA%3D%3D', 2, 2),
(22, 'El futuro de Tesla', 'La empresa del multimillonario Elon Musk, se lanza hacia el futuro con...', 'https://images.unsplash.com/photo-1485827404703-89b55fcc595e?q=80&w=1470&auto=format&fit=crop&ixlib=rb-4.0.3&ixid=M3wxMjA3fDB8MHxwaG90by1wYWdlfHx8fGVufDB8fHx8fA%3D%3D', 1, 5),
(23, 'Kamala Harris pierde en EE.UU', 'La candidata democrata pierde las elecciones por un contundente...', 'https://images.unsplash.com/photo-1656172439223-b940faa4d34f?q=80&w=1470&auto=format&fit=crop&ixlib=rb-4.0.3&ixid=M3wxMjA3fDB8MHxwaG90by1wYWdlfHx8fGVufDB8fHx8fA%3D%3D', 3, 5);

-- --------------------------------------------------------

--
-- Estructura de tabla para la tabla `roles`
--

CREATE TABLE `roles` (
  `id` int(11) NOT NULL,
  `nombre` varchar(50) NOT NULL
) ENGINE=InnoDB DEFAULT CHARSET=utf8mb4 COLLATE=utf8mb4_general_ci;

--
-- Volcado de datos para la tabla `roles`
--

INSERT INTO `roles` (`id`, `nombre`) VALUES
(1, 'Administrador'),
(2, 'Editor'),
(3, 'Usuario');

-- --------------------------------------------------------

--
-- Estructura de tabla para la tabla `usuarios`
--

CREATE TABLE `usuarios` (
  `id` int(11) NOT NULL,
  `nombre` varchar(100) NOT NULL,
  `email` varchar(100) NOT NULL,
  `contraseña` varchar(255) NOT NULL,
  `rol_id` int(11) DEFAULT NULL
) ENGINE=InnoDB DEFAULT CHARSET=utf8mb4 COLLATE=utf8mb4_general_ci;

--
-- Volcado de datos para la tabla `usuarios`
--

INSERT INTO `usuarios` (`id`, `nombre`, `email`, `contraseña`, `rol_id`) VALUES
(2, 'Braian', 'braian@hotmail.com', '$2y$10$YYWLtJfyHAySn/fXxZ64BurpL2aSbtGnqRcdzfaIRN1XClUg5MeXy', 1),
(4, 'Carlos', 'Carlos@hotmail.com', '$2y$10$twuG20x.QIkcMmhOhGV7g.5AGM4ypRC9GrUnyQ4pcNOUCOGX/CkZa', 3),
(5, 'Laura', 'Laura@hotmail.com', '$2y$10$aigCD/wrR6MOTFJnhp4jGeCTqsn31rO6WKdyvxVgwLK7yEBIvA5zS', 2);

--
-- Índices para tablas volcadas
--

--
-- Indices de la tabla `categorias`
--
ALTER TABLE `categorias`
  ADD PRIMARY KEY (`id`);

--
-- Indices de la tabla `comentarios`
--
ALTER TABLE `comentarios`
  ADD PRIMARY KEY (`id`),
  ADD KEY `usuario_id` (`usuario_id`),
  ADD KEY `noticia_id` (`noticia_id`);

--
-- Indices de la tabla `noticias`
--
ALTER TABLE `noticias`
  ADD PRIMARY KEY (`id`),
  ADD KEY `categoria_id` (`categoria_id`),
  ADD KEY `autor_id` (`autor_id`);

--
-- Indices de la tabla `roles`
--
ALTER TABLE `roles`
  ADD PRIMARY KEY (`id`);

--
-- Indices de la tabla `usuarios`
--
ALTER TABLE `usuarios`
  ADD PRIMARY KEY (`id`),
  ADD UNIQUE KEY `email` (`email`),
  ADD KEY `rol_id` (`rol_id`);

--
-- AUTO_INCREMENT de las tablas volcadas
--

--
-- AUTO_INCREMENT de la tabla `categorias`
--
ALTER TABLE `categorias`
  MODIFY `id` int(11) NOT NULL AUTO_INCREMENT, AUTO_INCREMENT=7;

--
-- AUTO_INCREMENT de la tabla `comentarios`
--
ALTER TABLE `comentarios`
  MODIFY `id` int(11) NOT NULL AUTO_INCREMENT, AUTO_INCREMENT=2;

--
-- AUTO_INCREMENT de la tabla `noticias`
--
ALTER TABLE `noticias`
  MODIFY `id` int(11) NOT NULL AUTO_INCREMENT, AUTO_INCREMENT=24;

--
-- AUTO_INCREMENT de la tabla `roles`
--
ALTER TABLE `roles`
  MODIFY `id` int(11) NOT NULL AUTO_INCREMENT, AUTO_INCREMENT=7;

--
-- AUTO_INCREMENT de la tabla `usuarios`
--
ALTER TABLE `usuarios`
  MODIFY `id` int(11) NOT NULL AUTO_INCREMENT, AUTO_INCREMENT=11;

--
-- Restricciones para tablas volcadas
--

--
-- Filtros para la tabla `comentarios`
--
ALTER TABLE `comentarios`
  ADD CONSTRAINT `comentarios_ibfk_1` FOREIGN KEY (`usuario_id`) REFERENCES `usuarios` (`id`) ON DELETE CASCADE,
  ADD CONSTRAINT `comentarios_ibfk_2` FOREIGN KEY (`noticia_id`) REFERENCES `noticias` (`id`) ON DELETE CASCADE;

--
-- Filtros para la tabla `noticias`
--
ALTER TABLE `noticias`
  ADD CONSTRAINT `noticias_ibfk_1` FOREIGN KEY (`categoria_id`) REFERENCES `categorias` (`id`),
  ADD CONSTRAINT `noticias_ibfk_2` FOREIGN KEY (`autor_id`) REFERENCES `usuarios` (`id`) ON DELETE CASCADE;

--
-- Filtros para la tabla `usuarios`
--
ALTER TABLE `usuarios`
  ADD CONSTRAINT `usuarios_ibfk_1` FOREIGN KEY (`rol_id`) REFERENCES `roles` (`id`);
COMMIT;
